,DS1,DS3,DS4,DS6,DS7,DS9
0,0.8875685566488555,0.4418824628439822,0.4532751597046952,0.7618527183780799,0.56725661520394,0.3608398563585597
