,DS1,DS3,DS4,DS6,DS7,DS9
0,0.3410014853707969,0.9744520619267173,0.7476719293865299,0.6046219276780357,0.7939673343891338,0.3009438182793588
